<?xml version="1.0" encoding="UTF-8"?>
<project-private xmlns="http://www.netbeans.org/ns/project-private/1">
    <editor-bookmarks xmlns="http://www.netbeans.org/ns/editor-bookmarks/2" lastBookmarkId="0"/>
    <open-files xmlns="http://www.netbeans.org/ns/projectui-open-files/2">
        <group>
            <file>file:/C:/xampp/htdocs/Fingerprint/count_roles.php</file>
            <file>file:/C:/xampp/htdocs/Fingerprint/index.php</file>
            <file>file:/C:/xampp/htdocs/Fingerprint/dashboard.php</file>
            <file>file:/C:/xampp/htdocs/Fingerprint/Login.php</file>
            <file>file:/C:/xampp/htdocs/Fingerprint/login_admin.php</file>
            <file>file:/C:/xampp/htdocs/Fingerprint/count_users.php</file>
            <file>file:/C:/xampp/htdocs/Fingerprint/list_roles.php</file>
            <file>file:/C:/xampp/htdocs/Fingerprint/count_gender.php</file>
            <file>file:/C:/xampp/htdocs/Fingerprint/register.php</file>
            <file>file:/C:/xampp/htdocs/Fingerprint/view_reports.php</file>
            <file>file:/C:/xampp/htdocs/Fingerprint/process.php</file>
            <file>file:/C:/xampp/htdocs/Fingerprint/venue.php</file>
            <file>file:/C:/xampp/htdocs/Fingerprint/process_venue.php</file>
            <file>file:/C:/xampp/htdocs/Fingerprint/reports.php</file>
            <file>file:/C:/xampp/htdocs/Fingerprint/logout.php</file>
            <file>file:/C:/xampp/htdocs/Fingerprint/manage_users.php</file>
            <file>file:/C:/xampp/htdocs/Fingerprint/list_lab_access.php</file>
        </group>
    </open-files>
</project-private>
